NodeID,Energy,PacketDeliveryRatio,TransmissionCount,DroppedPackets,ForwardedPackets,DirectTrust,IndirectTrust,TotalTrust,AttackLabel
0,0.3229,1.0,28,0,0,1.0,0.5657,0.8263,Normal
1,0.4847,0.9375,32,2,0,0.9375,0.6828,0.8356,Normal
2,0.5914,0.0,29,29,0,0.0,0.9233,0.3693,Blackhole
3,0.077,0.5588,34,15,0,0.5588,0.9729,0.7245,Grayhole
4,0.7546,0.0,23,23,0,0.0,0.6624,0.265,Blackhole
5,3.7409,0.9907,107,1,0,0.9907,0.9088,0.9579,DoS
6,0.5203,0.9355,31,2,0,0.9355,0.8205,0.8895,Normal
7,0.3689,0.9744,39,1,0,0.9744,0.7959,0.903,Normal
8,0.5112,1.0,37,0,0,1.0,0.8131,0.9253,Normal
9,0.5268,1.0,38,0,0,1.0,0.8056,0.9222,Normal
10,0.2511,0.9722,36,1,0,0.9722,0.7664,0.8899,Normal
11,0.4016,0.975,40,1,0,0.975,0.7477,0.8841,Normal
12,0.7156,0.0,23,23,0,0.0,0.7566,0.3027,Blackhole
13,0.6846,0.9737,38,1,0,0.9737,0.8547,0.9261,Normal
14,0.4276,1.0,37,0,0,1.0,0.7911,0.9164,Normal
15,0.5258,1.0,26,0,0,1.0,0.7852,0.9141,Normal
16,0.3022,0.9231,26,2,0,0.9231,0.9264,0.9244,Normal
17,0.2492,0.9615,26,1,0,0.9615,0.859,0.9205,Normal
18,0.5413,1.0,39,0,0,1.0,0.831,0.9324,Normal
19,0.6471,0.92,25,2,0,0.92,0.7071,0.8348,Normal
20,0.3763,0.5455,22,10,0,0.5455,0.8575,0.6703,Grayhole
21,0.5404,1.0,27,0,0,1.0,0.9179,0.9672,Normal
22,0.4446,1.0,29,0,0,1.0,0.7537,0.9015,Normal
23,0.6034,0.9667,30,1,0,0.9667,0.8153,0.9061,Normal
24,0.5493,0.931,29,2,0,0.931,0.826,0.889,Normal
25,0.2803,1.0,32,0,0,1.0,0.8658,0.9463,Normal
26,0.548,1.0,30,0,0,1.0,0.9708,0.9883,Normal
27,0.2372,0.9286,28,2,0,0.9286,0.7064,0.8397,Normal
28,0.3423,0.9583,24,1,0,0.9583,0.8445,0.9128,Normal
29,0.6877,0.9615,26,1,0,0.9615,0.7119,0.8617,Normal
30,0.4307,0.9697,33,1,0,0.9697,0.8022,0.9027,Normal
31,0.3346,0.4054,37,22,0,0.4054,0.8222,0.5721,Grayhole
32,0.6863,0.0,40,40,0,0.0,0.8566,0.3426,Blackhole
33,0.5296,0.96,25,1,0,0.96,0.9452,0.9541,Normal
34,0.3806,0.9545,22,1,0,0.9545,0.9133,0.9381,Normal
35,0.0,0.9346,107,7,0,0.9346,0.8207,0.889,DoS
36,0.3462,0.9697,33,1,0,0.9697,0.9386,0.9573,Normal
37,0.4262,0.9655,29,1,0,0.9655,0.7221,0.8681,Normal
38,0.0,0.56,25,11,0,0.56,0.9586,0.7194,Grayhole
39,0.0727,0.9355,93,6,0,0.9355,0.7919,0.8781,DoS
40,0.6292,0.9259,27,2,0,0.9259,0.7947,0.8734,Normal
41,13.1942,0.825,120,21,0,0.825,0.8318,0.8277,DoS
42,0.559,0.9667,30,1,0,0.9667,0.7585,0.8834,Normal
43,0.508,0.9375,32,2,0,0.9375,0.6843,0.8362,Normal
44,4.5705,0.8667,105,14,0,0.8667,0.7461,0.8184,DoS
45,0.6618,1.0,40,0,0,1.0,0.8624,0.945,Normal
46,0.7683,0.0,22,22,0,0.0,0.7469,0.2988,Blackhole
47,0.322,1.0,29,0,0,1.0,0.6967,0.8787,Normal
48,0.5696,0.9706,34,1,0,0.9706,0.787,0.8972,Normal
49,0.0314,0.5806,31,13,0,0.5806,0.8221,0.6772,Grayhole
50,0.5327,1.0,31,0,0,1.0,0.9071,0.9628,Normal
51,0.4849,0.9697,33,1,0,0.9697,0.8351,0.9159,Normal
52,0.6258,0.9615,26,1,0,0.9615,0.7681,0.8842,Normal
53,0.1498,0.3636,22,14,0,0.3636,0.587,0.453,Grayhole
54,0.2545,0.9565,23,1,0,0.9565,0.768,0.8811,Normal
55,0.6043,0.9677,31,1,0,0.9677,0.8551,0.9227,Normal
56,0.0,0.9381,113,7,0,0.9381,0.8836,0.9163,DoS
57,0.601,1.0,37,0,0,1.0,0.6365,0.8546,Normal
58,0.2801,1.0,21,0,0,1.0,0.8162,0.9265,Normal
59,0.3292,0.9655,29,1,0,0.9655,0.7187,0.8668,Normal
60,0.3148,1.0,35,0,0,1.0,0.9648,0.9859,Normal
61,0.4989,0.9444,36,2,0,0.9444,0.8309,0.899,Normal
62,0.5061,0.0,22,22,0,0.0,0.9021,0.3608,Blackhole
63,0.3991,0.9167,24,2,0,0.9167,0.9016,0.9107,Normal
64,0.296,0.9355,31,2,0,0.9355,0.8315,0.8939,Normal
65,0.7877,0.0,33,33,0,0.0,0.9,0.36,Blackhole
66,0.2986,0.9714,35,1,0,0.9714,0.7801,0.8949,Normal
67,0.0771,0.4167,36,21,0,0.4167,0.8666,0.5967,Grayhole
68,0.6445,0.0,24,24,0,0.0,0.6895,0.2758,Blackhole
69,0.4865,0.9706,34,1,0,0.9706,0.5731,0.8116,Normal
70,0.5889,0.9394,33,2,0,0.9394,0.7911,0.8801,Normal
71,0.7283,0.0,24,24,0,0.0,0.8809,0.3524,Blackhole
72,0.2311,0.9167,24,2,0,0.9167,0.7714,0.8585,Normal
73,0.3792,0.9091,22,2,0,0.9091,0.6101,0.7895,Normal
74,0.0,0.9327,104,7,0,0.9327,0.6886,0.835,DoS
75,0.4141,0.9565,23,1,0,0.9565,0.7686,0.8813,Normal
76,0.6562,0.9583,24,1,0,0.9583,0.8475,0.914,Normal
77,0.1457,0.4857,35,18,0,0.4857,0.8331,0.6247,Grayhole
78,5.3783,0.9174,109,9,0,0.9174,0.6658,0.8168,DoS
79,0.2751,1.0,31,0,0,1.0,0.8077,0.9231,Normal
80,0.3812,0.9394,33,2,0,0.9394,0.5564,0.7862,Normal
81,0.0424,0.375,32,20,0,0.375,0.7363,0.5195,Grayhole
82,0.2485,0.9583,24,1,0,0.9583,0.9454,0.9531,Normal
83,0.5563,1.0,39,0,0,1.0,0.7956,0.9182,Normal
84,0.3978,0.9722,36,1,0,0.9722,0.8044,0.9051,Normal
85,0.2999,0.9259,27,2,0,0.9259,0.9158,0.9219,Normal
86,0.2318,1.0,35,0,0,1.0,0.8414,0.9366,Normal
87,0.4054,0.9091,22,2,0,0.9091,0.7789,0.857,Normal
88,2.5012,0.8917,120,13,0,0.8917,0.7664,0.8415,DoS
89,0.2289,0.9487,39,2,0,0.9487,0.7595,0.873,Normal
90,0.0,0.8814,118,14,0,0.8814,0.7838,0.8423,DoS
91,0.6312,0.95,40,2,0,0.95,0.8685,0.9174,Normal
92,0.3362,0.96,25,1,0,0.96,0.756,0.8784,Normal
93,0.4892,0.9333,30,2,0,0.9333,0.74,0.856,Normal
94,0.1572,0.5333,30,14,0,0.5333,0.8568,0.6627,Grayhole
95,0.2889,0.9459,37,2,0,0.9459,0.9315,0.9402,Normal
96,0.7361,0.0,26,26,0,0.0,0.8865,0.3546,Blackhole
97,0.5138,0.9714,35,1,0,0.9714,0.7808,0.8952,Normal
98,0.6394,1.0,27,0,0,1.0,0.8742,0.9497,Normal
99,0.6989,1.0,22,0,0,1.0,0.8968,0.9587,Normal
0,0.5801,1.0,28,0,0,1.0,0.9135,0.9654,Normal
1,0.437,0.9565,23,1,0,0.9565,0.8673,0.9208,Normal
2,0.3937,0.9091,22,2,0,0.9091,0.858,0.8887,Normal
3,0.4746,1.0,24,0,0,1.0,0.8885,0.9554,Normal
4,0.4984,1.0,20,0,0,1.0,0.9649,0.986,Normal
5,0.2842,1.0,40,0,0,1.0,0.7683,0.9073,Normal
6,0.2998,1.0,32,0,0,1.0,0.8744,0.9498,Normal
7,0.4226,0.9722,36,1,0,0.9722,0.8532,0.9246,Normal
8,0.4364,0.9333,30,2,0,0.9333,0.8335,0.8934,Normal
9,0.3453,1.0,38,0,0,1.0,0.7366,0.8947,Normal
10,8.7121,0.9901,101,1,0,0.9901,0.7158,0.8804,DoS
11,0.6036,0.9394,33,2,0,0.9394,0.8002,0.8837,Normal
12,0.4538,1.0,30,0,0,1.0,0.7256,0.8902,Normal
13,0.1825,0.4483,29,16,0,0.4483,0.7786,0.5804,Grayhole
14,0.5366,0.975,40,1,0,0.975,0.8046,0.9068,Normal
15,0.3951,0.3871,31,19,0,0.3871,0.8022,0.5531,Grayhole
16,0.6446,0.975,40,1,0,0.975,0.7054,0.8672,Normal
17,0.0,0.9322,118,8,0,0.9322,0.8208,0.8876,DoS
18,0.3233,1.0,34,0,0,1.0,0.7843,0.9137,Normal
19,0.2867,0.9677,31,1,0,0.9677,0.924,0.9502,Normal
20,0.0,1.0,98,0,0,1.0,0.9446,0.9779,DoS
21,0.3948,0.5172,29,14,0,0.5172,0.8006,0.6306,Grayhole
22,0.5379,0.0,38,38,0,0.0,0.9658,0.3863,Blackhole
23,0.269,1.0,20,0,0,1.0,0.8312,0.9325,Normal
24,0.5604,0.9375,32,2,0,0.9375,0.8236,0.892,Normal
25,0.5666,0.0,22,22,0,0.0,0.7713,0.3085,Blackhole
26,0.0,0.9451,91,5,0,0.9451,0.8069,0.8898,DoS
27,0.5223,0.96,25,1,0,0.96,0.7608,0.8803,Normal
28,0.3648,1.0,40,0,0,1.0,0.7895,0.9158,Normal
29,0.1277,0.4,35,21,0,0.4,0.9175,0.607,Grayhole
30,0.6566,0.0,39,39,0,0.0,0.8518,0.3407,Blackhole
31,0.3897,1.0,38,0,0,1.0,0.8266,0.9306,Normal
32,0.3503,0.9167,24,2,0,0.9167,0.8428,0.8871,Normal
33,0.4093,1.0,33,0,0,1.0,0.7865,0.9146,Normal
34,0.246,0.3889,36,22,0,0.3889,0.6768,0.5041,Grayhole
35,0.5595,0.9412,34,2,0,0.9412,0.8541,0.9064,Normal
36,0.3027,1.0,25,0,0,1.0,0.8497,0.9399,Normal
37,0.5539,0.9643,28,1,0,0.9643,0.6602,0.8427,Normal
38,0.0,0.6,20,8,0,0.6,0.8383,0.6953,Grayhole
39,0.5171,1.0,36,0,0,1.0,0.7571,0.9029,Normal
40,0.2348,0.9722,36,1,0,0.9722,0.7797,0.8952,Normal
41,0.0,0.381,21,13,0,0.381,0.7842,0.5423,Grayhole
42,0.6575,0.9655,29,1,0,0.9655,0.8561,0.9217,Normal
43,0.6165,0.9048,21,2,0,0.9048,0.6983,0.8222,Normal
44,0.2916,0.9565,23,1,0,0.9565,0.7533,0.8752,Normal
45,0.6544,0.9677,31,1,0,0.9677,0.9735,0.97,Normal
46,0.5012,0.0,22,22,0,0.0,0.8592,0.3437,Blackhole
47,0.7148,0.0,39,39,0,0.0,0.898,0.3592,Blackhole
48,10.143,0.9397,116,7,0,0.9397,0.8469,0.9025,DoS
49,0.4458,0.8,100,20,0,0.8,0.8873,0.8349,DoS
50,0.6752,0.9677,31,1,0,0.9677,0.8926,0.9377,Normal
51,0.0,0.8547,117,17,0,0.8547,0.7982,0.8321,DoS
52,0.5705,0.963,27,1,0,0.963,0.7944,0.8955,Normal
53,0.2017,1.0,20,0,0,1.0,0.7696,0.9078,Normal
54,0.2368,1.0,30,0,0,1.0,0.8151,0.926,Normal
55,0.3691,0.9091,22,2,0,0.9091,0.7977,0.8645,Normal
56,0.6047,0.975,40,1,0,0.975,0.4783,0.7763,Normal
57,0.1129,0.5758,33,14,0,0.5758,0.8445,0.6833,Grayhole
58,0.4508,0.9167,24,2,0,0.9167,0.7621,0.8548,Normal
59,0.29,0.9677,31,1,0,0.9677,0.78,0.8927,Normal
60,0.5522,0.0,23,23,0,0.0,0.8118,0.3247,Blackhole
61,0.2269,0.963,27,1,0,0.963,0.8811,0.9302,Normal
62,0.5882,0.963,27,1,0,0.963,0.8188,0.9053,Normal
63,0.6208,0.95,20,1,0,0.95,0.752,0.8708,Normal
64,0.4368,1.0,39,0,0,1.0,0.6338,0.8535,Normal
65,0.4498,0.975,40,1,0,0.975,0.8121,0.9098,Normal
66,0.2153,0.9688,32,1,0,0.9688,0.973,0.9705,Normal
67,0.6415,1.0,23,0,0,1.0,0.9726,0.9891,Normal
68,0.0,0.5,26,13,0,0.5,0.8401,0.636,Grayhole
69,0.4685,0.9474,38,2,0,0.9474,0.7979,0.8876,Normal
70,0.6668,0.0,23,23,0,0.0,0.721,0.2884,Blackhole
71,0.6199,1.0,36,0,0,1.0,0.7919,0.9168,Normal
72,0.0,0.4348,23,13,0,0.4348,0.779,0.5725,Grayhole
73,0.3501,0.9259,27,2,0,0.9259,0.9124,0.9205,Normal
74,0.5249,0.0,25,25,0,0.0,0.8046,0.3218,Blackhole
75,0.2632,1.0,34,0,0,1.0,0.7732,0.9093,Normal
76,0.5342,1.0,39,0,0,1.0,0.9223,0.9689,Normal
77,0.3316,1.0,25,0,0,1.0,0.8783,0.9513,Normal
78,0.5848,0.9355,31,2,0,0.9355,0.8826,0.9143,Normal
79,0.6312,1.0,31,0,0,1.0,0.7091,0.8837,Normal
80,0.0,0.9245,106,8,0,0.9245,0.7641,0.8604,DoS
81,0.696,0.913,23,2,0,0.913,0.7146,0.8337,Normal
82,0.0,0.819,116,21,0,0.819,0.7776,0.8024,DoS
83,0.4563,0.9459,37,2,0,0.9459,0.8072,0.8905,Normal
84,0.4693,0.9583,24,1,0,0.9583,0.8381,0.9102,Normal
85,0.5612,0.9459,37,2,0,0.9459,0.8578,0.9107,Normal
86,0.4302,1.0,25,0,0,1.0,0.8792,0.9517,Normal
87,0.2003,0.9714,35,1,0,0.9714,0.7844,0.8966,Normal
88,0.6781,1.0,25,0,0,1.0,0.9291,0.9716,Normal
89,0.4317,0.9615,26,1,0,0.9615,0.8059,0.8993,Normal
90,0.2499,0.9091,22,2,0,0.9091,0.8936,0.9029,Normal
91,0.6833,0.9615,26,1,0,0.9615,0.771,0.8853,Normal
92,0.7185,0.0,27,27,0,0.0,0.833,0.3332,Blackhole
93,0.6585,0.0,27,27,0,0.0,0.7846,0.3138,Blackhole
94,0.1367,0.8899,109,12,0,0.8899,0.7854,0.8481,DoS
95,0.5737,0.963,27,1,0,0.963,0.7521,0.8786,Normal
96,0.4077,1.0,35,0,0,1.0,0.7987,0.9195,Normal
97,0.4298,0.9487,39,2,0,0.9487,0.9775,0.9602,Normal
98,0.613,1.0,29,0,0,1.0,0.7914,0.9165,Normal
99,0.3616,1.0,27,0,0,1.0,0.819,0.9276,Normal
0,0.3741,0.9744,39,1,0,0.9744,0.8158,0.9109,Normal
1,0.6765,0.0,24,24,0,0.0,0.7574,0.303,Blackhole
2,0.0,0.9735,113,3,0,0.9735,0.6418,0.8408,DoS
3,0.0,0.5625,32,14,0,0.5625,0.7281,0.6287,Grayhole
4,0.3156,0.9091,22,2,0,0.9091,0.7671,0.8523,Normal
5,0.6948,0.9412,34,2,0,0.9412,0.7787,0.8762,Normal
6,0.2047,0.48,25,13,0,0.48,0.8962,0.6465,Grayhole
7,0.4485,0.9375,32,2,0,0.9375,0.8741,0.9122,Normal
8,0.4965,1.0,32,0,0,1.0,0.6858,0.8743,Normal
9,0.2678,0.8938,113,12,0,0.8938,0.6388,0.7918,DoS
10,0.3842,0.9697,33,1,0,0.9697,0.8121,0.9067,Normal
11,0.3335,1.0,21,0,0,1.0,0.7462,0.8985,Normal
12,0.595,0.9722,36,1,0,0.9722,0.6602,0.8474,Normal
13,0.4315,0.92,25,2,0,0.92,0.6404,0.8082,Normal
14,8.7644,0.8376,117,19,0,0.8376,0.8113,0.8271,DoS
15,0.6089,0.0,21,21,0,0.0,0.8565,0.3426,Blackhole
16,0.5058,0.9333,30,2,0,0.9333,0.8103,0.8841,Normal
17,0.4878,1.0,22,0,0,1.0,0.8042,0.9217,Normal
18,0.2493,0.95,40,2,0,0.95,0.7898,0.8859,Normal
19,0.281,0.95,20,1,0,0.95,0.7563,0.8725,Normal
20,0.5641,0.9091,22,2,0,0.9091,0.8124,0.8704,Normal
21,0.5883,0.95,20,1,0,0.95,0.7999,0.89,Normal
22,0.5079,0.0,26,26,0,0.0,0.9047,0.3619,Blackhole
23,0.4607,1.0,38,0,0,1.0,0.9243,0.9697,Normal
24,0.45,0.4516,31,17,0,0.4516,0.8255,0.6012,Grayhole
25,0.5929,0.9565,23,1,0,0.9565,0.8821,0.9267,Normal
26,0.3997,0.9459,37,2,0,0.9459,0.6386,0.823,Normal
27,0.6486,0.0,38,38,0,0.0,0.8507,0.3403,Blackhole
28,0.3409,1.0,40,0,0,1.0,0.7258,0.8903,Normal
29,0.289,0.96,25,1,0,0.96,0.8586,0.9194,Normal
30,0.2394,0.9412,34,2,0,0.9412,0.7805,0.8769,Normal
31,0.5756,0.9412,34,2,0,0.9412,0.8717,0.9134,Normal
32,0.5038,0.9583,24,1,0,0.9583,0.8307,0.9073,Normal
33,0.3267,0.9375,32,2,0,0.9375,0.7531,0.8638,Normal
34,0.4629,1.0,35,0,0,1.0,0.7988,0.9195,Normal
35,0.2961,0.4167,24,14,0,0.4167,0.8422,0.5869,Grayhole
36,0.2808,1.0,20,0,0,1.0,0.8265,0.9306,Normal
37,0.3608,0.4,30,18,0,0.4,0.6799,0.512,Grayhole
38,0.5058,0.9459,37,2,0,0.9459,0.6626,0.8326,Normal
39,13.3577,0.9677,93,3,0,0.9677,0.8587,0.9241,DoS
40,0.3955,0.9474,38,2,0,0.9474,0.7128,0.8535,Normal
41,0.6018,0.9667,30,1,0,0.9667,0.6666,0.8466,Normal
42,0.5802,0.9259,27,2,0,0.9259,0.5967,0.7942,Normal
43,0.2872,0.9737,38,1,0,0.9737,0.6136,0.8296,Normal
44,0.2277,0.96,25,1,0,0.96,0.8277,0.9071,Normal
45,0.0,0.94,100,6,0,0.94,0.6878,0.8391,DoS
46,0.658,0.0,32,32,0,0.0,0.848,0.3392,Blackhole
47,0.541,0.9286,28,2,0,0.9286,0.8484,0.8965,Normal
48,0.4851,0.9429,35,2,0,0.9429,0.8119,0.8905,Normal
49,0.2937,0.9545,22,1,0,0.9545,0.8008,0.8931,Normal
50,0.5761,0.9677,31,1,0,0.9677,0.8779,0.9318,Normal
51,0.495,0.3889,36,22,0,0.3889,0.7555,0.5355,Grayhole
52,0.3029,1.0,20,0,0,1.0,0.8146,0.9258,Normal
53,0.313,0.9688,32,1,0,0.9688,0.8454,0.9194,Normal
54,0.6696,0.9333,30,2,0,0.9333,0.8644,0.9058,Normal
55,0.234,0.9737,38,1,0,0.9737,0.8639,0.9298,Normal
56,0.4367,0.975,40,1,0,0.975,0.8264,0.9155,Normal
57,0.4837,1.0,24,0,0,1.0,0.9759,0.9904,Normal
58,0.4046,0.5862,29,12,0,0.5862,0.7078,0.6348,Grayhole
59,0.6254,0.9655,29,1,0,0.9655,0.7033,0.8606,Normal
60,0.0,0.8696,115,15,0,0.8696,0.9214,0.8903,DoS
61,0.6935,0.913,23,2,0,0.913,0.846,0.8862,Normal
62,0.3228,1.0,26,0,0,1.0,0.8156,0.9262,Normal
63,0.3705,0.9259,27,2,0,0.9259,0.7506,0.8558,Normal
64,0.0,0.9038,104,10,0,0.9038,0.8118,0.867,DoS
65,0.2485,0.4211,38,22,0,0.4211,0.8637,0.5981,Grayhole
66,0.4478,1.0,39,0,0,1.0,0.9263,0.9705,Normal
67,0.5807,1.0,34,0,0,1.0,0.7793,0.9117,Normal
68,0.5071,0.0,25,25,0,0.0,0.9118,0.3647,Blackhole
69,0.3703,0.931,29,2,0,0.931,0.7621,0.8635,Normal
70,0.3771,1.0,31,0,0,1.0,0.8691,0.9476,Normal
71,0.6291,0.95,40,2,0,0.95,0.7793,0.8817,Normal
72,0.4657,0.9737,38,1,0,0.9737,0.9199,0.9522,Normal
73,0.499,1.0,33,0,0,1.0,0.7634,0.9054,Normal
74,0.7803,0.0,26,26,0,0.0,0.7626,0.305,Blackhole
75,0.6066,0.9333,30,2,0,0.9333,0.6883,0.8353,Normal
76,0.5316,0.9722,36,1,0,0.9722,0.8012,0.9038,Normal
77,0.6138,1.0,26,0,0,1.0,0.793,0.9172,Normal
78,4.9441,0.9468,94,5,0,0.9468,0.7997,0.888,DoS
79,0.6218,0.0,35,35,0,0.0,0.9305,0.3722,Blackhole
80,0.5315,0.92,25,2,0,0.92,0.8507,0.8923,Normal
81,0.4046,1.0,25,0,0,1.0,0.7938,0.9175,Normal
82,0.5164,1.0,20,0,0,1.0,0.7556,0.9023,Normal
83,0.3203,0.9474,38,2,0,0.9474,0.9011,0.9289,Normal
84,0.266,0.9459,37,2,0,0.9459,0.836,0.9019,Normal
85,0.7663,0.0,32,32,0,0.0,0.7591,0.3037,Blackhole
86,0.385,1.0,21,0,0,1.0,0.6416,0.8566,Normal
87,0.5113,0.9697,33,1,0,0.9697,0.8269,0.9126,Normal
88,0.5722,1.0,37,0,0,1.0,0.7996,0.9198,Normal
89,0.6674,1.0,30,0,0,1.0,0.8424,0.937,Normal
90,0.3816,0.9333,30,2,0,0.9333,0.6395,0.8158,Normal
91,0.0,0.9798,99,2,0,0.9798,0.9117,0.9525,DoS
92,0.2724,0.4167,36,21,0,0.4167,0.8872,0.6049,Grayhole
93,0.5343,0.9737,38,1,0,0.9737,0.7617,0.8889,Normal
94,0.0,0.9748,119,3,0,0.9748,0.7902,0.9009,DoS
95,0.0853,0.425,40,23,0,0.425,0.7894,0.5708,Grayhole
96,0.662,0.0,40,40,0,0.0,0.8203,0.3281,Blackhole
97,0.4861,0.9474,38,2,0,0.9474,0.786,0.8828,Normal
98,0.4098,0.9286,28,2,0,0.9286,0.8264,0.8877,Normal
99,0.6482,1.0,31,0,0,1.0,0.7707,0.9083,Normal
0,0.3978,0.9048,21,2,0,0.9048,0.7495,0.8426,Normal
1,0.7872,0.0,36,36,0,0.0,0.7653,0.3061,Blackhole
2,0.3673,0.9048,21,2,0,0.9048,0.7873,0.8578,Normal
3,0.6975,0.9487,39,2,0,0.9487,0.8406,0.9055,Normal
4,0.6659,1.0,24,0,0,1.0,0.8269,0.9308,Normal
5,0.0,1.0,105,0,0,1.0,0.8069,0.9228,DoS
6,0.2186,0.931,29,2,0,0.931,0.816,0.885,Normal
7,0.2547,0.4138,29,17,0,0.4138,0.6817,0.5209,Grayhole
8,0.5203,0.9429,35,2,0,0.9429,0.831,0.8981,Normal
9,0.0,0.5161,31,15,0,0.5161,0.8127,0.6347,Grayhole
10,0.3856,0.9048,21,2,0,0.9048,0.7596,0.8467,Normal
11,0.2456,0.9737,38,1,0,0.9737,0.7613,0.8887,Normal
12,0.0,0.9462,93,5,0,0.9462,0.8217,0.8964,DoS
13,0.3841,0.9286,28,2,0,0.9286,0.829,0.8888,Normal
14,0.5451,1.0,20,0,0,1.0,0.8303,0.9321,Normal
15,0.5552,0.0,23,23,0,0.0,0.7354,0.2942,Blackhole
16,0.0,0.8783,115,14,0,0.8783,0.7799,0.8389,DoS
17,0.5765,0.9615,26,1,0,0.9615,0.7848,0.8909,Normal
18,0.5996,0.9231,26,2,0,0.9231,0.8257,0.8841,Normal
19,8.4149,0.9524,105,5,0,0.9524,0.8222,0.9003,DoS
20,0.6124,1.0,36,0,0,1.0,0.8979,0.9592,Normal
21,0.3773,0.9394,33,2,0,0.9394,0.7845,0.8775,Normal
22,8.9009,0.9406,101,6,0,0.9406,0.8257,0.8946,DoS
23,0.2047,0.9737,38,1,0,0.9737,0.6978,0.8633,Normal
24,0.4269,1.0,23,0,0,1.0,0.8606,0.9442,Normal
25,0.2951,0.9706,34,1,0,0.9706,0.8377,0.9174,Normal
26,0.4,0.9667,30,1,0,0.9667,0.7908,0.8963,Normal
27,0.4155,0.963,27,1,0,0.963,0.8217,0.9065,Normal
28,0.0525,0.375,24,15,0,0.375,0.7932,0.5423,Grayhole
29,0.2166,0.9706,34,1,0,0.9706,0.8197,0.9103,Normal
30,0.4155,0.975,40,1,0,0.975,0.959,0.9686,Normal
31,0.3934,0.9231,26,2,0,0.9231,0.856,0.8962,Normal
32,3.8066,0.8511,94,14,0,0.8511,0.7749,0.8206,DoS
33,0.5903,0.9259,27,2,0,0.9259,0.7291,0.8472,Normal
34,0.6506,0.95,40,2,0,0.95,0.7474,0.869,Normal
35,0.4145,1.0,27,0,0,1.0,0.8334,0.9334,Normal
36,0.3489,1.0,25,0,0,1.0,0.8455,0.9382,Normal
37,0.2862,1.0,24,0,0,1.0,0.9015,0.9606,Normal
38,0.466,1.0,24,0,0,1.0,0.8368,0.9347,Normal
39,0.4317,0.9714,35,1,0,0.9714,0.7121,0.8677,Normal
40,0.4001,0.4872,39,20,0,0.4872,0.8203,0.6204,Grayhole
41,0.5448,0.0,22,22,0,0.0,0.8418,0.3367,Blackhole
42,0.5498,0.9231,26,2,0,0.9231,0.8182,0.8811,Normal
43,0.2579,0.3939,33,20,0,0.3939,0.8983,0.5957,Grayhole
44,0.1841,0.5897,39,16,0,0.5897,0.8127,0.6789,Grayhole
45,0.5113,0.0,33,33,0,0.0,0.8316,0.3326,Blackhole
46,6.0492,0.9703,101,3,0,0.9703,0.8402,0.9183,DoS
47,0.6962,0.913,23,2,0,0.913,0.8016,0.8684,Normal
48,0.0,0.5217,23,11,0,0.5217,0.8045,0.6348,Grayhole
49,0.3357,0.95,20,1,0,0.95,0.7769,0.8808,Normal
50,0.6555,0.9714,35,1,0,0.9714,0.7292,0.8745,Normal
51,0.7494,0.0,20,20,0,0.0,0.8408,0.3363,Blackhole
52,0.4074,1.0,39,0,0,1.0,0.7932,0.9173,Normal
53,0.3621,0.95,40,2,0,0.95,0.8208,0.8983,Normal
54,0.6687,0.9459,37,2,0,0.9459,0.8238,0.8971,Normal
55,0.5319,1.0,36,0,0,1.0,0.8667,0.9467,Normal
56,0.4763,0.9333,30,2,0,0.9333,0.7655,0.8662,Normal
57,0.5473,1.0,23,0,0,1.0,0.8288,0.9315,Normal
58,0.404,0.4074,27,16,0,0.4074,0.6826,0.5175,Grayhole
59,0.4292,0.9259,27,2,0,0.9259,0.819,0.8831,Normal
60,0.4408,0.9167,24,2,0,0.9167,0.6233,0.7993,Normal
61,0.2463,0.9459,37,2,0,0.9459,0.8256,0.8978,Normal
62,0.0,0.4643,28,15,0,0.4643,0.819,0.6062,Grayhole
63,0.4126,0.95,20,1,0,0.95,0.8391,0.9056,Normal
64,0.4117,1.0,27,0,0,1.0,0.7522,0.9009,Normal
65,0.563,0.0,32,32,0,0.0,0.8772,0.3509,Blackhole
66,0.2679,0.9706,34,1,0,0.9706,0.8387,0.9178,Normal
67,0.2025,1.0,24,0,0,1.0,0.8425,0.937,Normal
68,0.5734,0.913,23,2,0,0.913,0.8415,0.8844,Normal
69,0.5846,1.0,22,0,0,1.0,0.7809,0.9123,Normal
70,0.3386,1.0,32,0,0,1.0,0.7708,0.9083,Normal
71,0.6641,0.0,21,21,0,0.0,0.9609,0.3844,Blackhole
72,0.0,0.7944,107,22,0,0.7944,0.8521,0.8175,DoS
73,0.0,0.4412,34,19,0,0.4412,0.7693,0.5724,Grayhole
74,0.4409,1.0,22,0,0,1.0,0.8258,0.9303,Normal
75,0.4391,1.0,39,0,0,1.0,0.8584,0.9433,Normal
76,0.3615,1.0,26,0,0,1.0,0.8187,0.9275,Normal
77,0.7327,0.0,26,26,0,0.0,0.8787,0.3515,Blackhole
78,0.3487,0.9655,29,1,0,0.9655,0.8259,0.9097,Normal
79,0.2963,1.0,22,0,0,1.0,0.759,0.9036,Normal
80,0.5831,0.0,25,25,0,0.0,0.8419,0.3368,Blackhole
81,0.4307,0.9394,33,2,0,0.9394,0.8021,0.8845,Normal
82,0.5389,0.95,20,1,0,0.95,0.8535,0.9114,Normal
83,0.3403,0.9355,31,2,0,0.9355,0.6681,0.8285,Normal
84,0.3545,1.0,40,0,0,1.0,0.7964,0.9185,Normal
85,0.6945,0.9722,36,1,0,0.9722,0.811,0.9077,Normal
86,0.3496,0.9487,39,2,0,0.9487,0.8328,0.9023,Normal
87,7.0417,0.7931,116,24,0,0.7931,0.7695,0.7837,DoS
88,0.2314,1.0,34,0,0,1.0,0.8183,0.9273,Normal
89,0.4684,1.0,39,0,0,1.0,0.8112,0.9245,Normal
90,0.0,0.8478,92,14,0,0.8478,0.8446,0.8466,DoS
91,0.3047,0.9333,30,2,0,0.9333,0.7975,0.879,Normal
92,0.3038,0.963,27,1,0,0.963,0.8419,0.9145,Normal
93,0.3955,0.9375,32,2,0,0.9375,0.7967,0.8812,Normal
94,0.3921,0.9286,28,2,0,0.9286,0.9111,0.9216,Normal
95,0.3778,0.9459,37,2,0,0.9459,0.7657,0.8739,Normal
96,0.6951,0.0,38,38,0,0.0,0.8715,0.3486,Blackhole
97,0.5842,0.9524,21,1,0,0.9524,0.8071,0.8943,Normal
98,0.2427,1.0,34,0,0,1.0,0.8097,0.9239,Normal
99,0.272,0.9412,34,2,0,0.9412,0.6258,0.815,Normal
0,0.2495,0.6,25,10,0,0.6,0.8215,0.6886,Grayhole
1,0.5142,0.0,40,40,0,0.0,0.8927,0.3571,Blackhole
2,0.6263,0.9615,26,1,0,0.9615,0.7779,0.8881,Normal
3,0.3383,0.9429,35,2,0,0.9429,0.9597,0.9496,Normal
4,0.4343,1.0,33,0,0,1.0,0.7582,0.9033,Normal
5,0.6857,0.9744,39,1,0,0.9744,0.9519,0.9654,Normal
6,0.6451,0.0,26,26,0,0.0,0.6734,0.2694,Blackhole
7,0.273,0.9667,30,1,0,0.9667,0.9097,0.9439,Normal
8,0.3612,0.9286,28,2,0,0.9286,0.8565,0.8997,Normal
9,0.3811,0.95,20,1,0,0.95,0.8734,0.9194,Normal
10,8.6175,0.9619,105,4,0,0.9619,0.6856,0.8514,DoS
11,0.5037,0.9259,27,2,0,0.9259,0.8536,0.897,Normal
12,0.5281,0.9394,33,2,0,0.9394,0.8121,0.8885,Normal
13,0.2289,0.9333,30,2,0,0.9333,0.8596,0.9038,Normal
14,0.6422,0.931,29,2,0,0.931,0.8757,0.9089,Normal
15,0.391,0.9259,27,2,0,0.9259,0.8579,0.8987,Normal
16,0.2613,0.95,20,1,0,0.95,0.839,0.9056,Normal
17,1.5241,0.9407,118,7,0,0.9407,0.8923,0.9213,DoS
18,0.2475,1.0,31,0,0,1.0,0.8507,0.9403,Normal
19,0.4899,1.0,22,0,0,1.0,0.84,0.936,Normal
20,0.5246,0.9048,21,2,0,0.9048,0.7274,0.8338,Normal
21,1.8333,0.8039,102,20,0,0.8039,0.6367,0.737,DoS
22,0.5607,0.0,26,26,0,0.0,0.9289,0.3716,Blackhole
23,0.4638,0.913,23,2,0,0.913,0.6516,0.8085,Normal
24,0.6496,0.9333,30,2,0,0.9333,0.8532,0.9013,Normal
25,0.2789,1.0,32,0,0,1.0,0.6354,0.8541,Normal
26,0.4527,1.0,40,0,0,1.0,0.6383,0.8553,Normal
27,0.0,0.9688,96,3,0,0.9688,0.852,0.9221,DoS
28,0.5115,0.9677,31,1,0,0.9677,0.8334,0.914,Normal
29,0.4693,0.9744,39,1,0,0.9744,0.7817,0.8973,Normal
30,0.5479,1.0,22,0,0,1.0,0.9072,0.9629,Normal
31,0.4529,0.9677,31,1,0,0.9677,0.8511,0.9211,Normal
32,0.376,1.0,29,0,0,1.0,0.8201,0.928,Normal
33,0.3709,1.0,32,0,0,1.0,0.8422,0.9369,Normal
34,0.3401,0.9545,22,1,0,0.9545,0.874,0.9223,Normal
35,0.3973,0.95,40,2,0,0.95,0.9233,0.9393,Normal
36,0.6979,0.9583,24,1,0,0.9583,0.8292,0.9067,Normal
37,0.5805,1.0,20,0,0,1.0,0.8652,0.9461,Normal
38,0.6154,0.9394,33,2,0,0.9394,0.8195,0.8915,Normal
39,0.6712,0.9643,28,1,0,0.9643,0.8569,0.9213,Normal
40,0.475,0.5676,37,16,0,0.5676,0.818,0.6678,Grayhole
41,0.0281,0.5758,33,14,0,0.5758,0.8978,0.7046,Grayhole
42,0.4679,1.0,32,0,0,1.0,0.7865,0.9146,Normal
43,0.3496,0.9667,30,1,0,0.9667,0.8793,0.9317,Normal
44,0.6652,0.9487,39,2,0,0.9487,0.8331,0.9025,Normal
45,0.3735,1.0,30,0,0,1.0,0.7892,0.9157,Normal
46,7.5272,0.8077,104,20,0,0.8077,0.9312,0.8571,DoS
47,0.5106,0.0,20,20,0,0.0,0.9438,0.3775,Blackhole
48,0.0,0.9896,96,1,0,0.9896,0.6686,0.8612,DoS
49,0.5991,1.0,22,0,0,1.0,0.8581,0.9432,Normal
50,0.5058,0.0,36,36,0,0.0,0.8611,0.3444,Blackhole
51,0.0795,0.4571,35,19,0,0.4571,0.8064,0.5969,Grayhole
52,0.2533,0.9259,27,2,0,0.9259,0.7298,0.8475,Normal
53,0.3597,1.0,22,0,0,1.0,0.8296,0.9318,Normal
54,0.4216,0.9259,27,2,0,0.9259,0.8857,0.9098,Normal
55,0.5855,0.913,23,2,0,0.913,0.8901,0.9039,Normal
56,0.2203,1.0,25,0,0,1.0,0.8472,0.9389,Normal
57,0.303,0.5172,29,14,0,0.5172,0.8761,0.6608,Grayhole
58,0.1008,0.3913,23,14,0,0.3913,0.7185,0.5222,Grayhole
59,0.4597,1.0,38,0,0,1.0,0.7829,0.9132,Normal
60,0.279,0.375,32,20,0,0.375,0.9561,0.6074,Grayhole
61,0.0,0.91,100,9,0,0.91,0.9681,0.9332,DoS
62,0.5913,0.0,36,36,0,0.0,0.8379,0.3352,Blackhole
63,0.3762,0.9677,31,1,0,0.9677,0.8205,0.9088,Normal
64,0.7106,0.8868,106,12,0,0.8868,0.8899,0.888,DoS
65,0.651,0.9259,27,2,0,0.9259,0.6621,0.8204,Normal
66,0.4939,0.9565,23,1,0,0.9565,0.8853,0.928,Normal
67,0.6893,0.9333,30,2,0,0.9333,0.8486,0.8995,Normal
68,0.2375,0.4571,35,19,0,0.4571,0.6243,0.524,Grayhole
69,0.4314,0.9355,31,2,0,0.9355,0.7641,0.8669,Normal
70,0.2359,0.9091,22,2,0,0.9091,0.816,0.8719,Normal
71,0.5083,1.0,23,0,0,1.0,0.754,0.9016,Normal
72,0.3173,1.0,36,0,0,1.0,0.7451,0.898,Normal
73,0.6766,1.0,33,0,0,1.0,0.6177,0.8471,Normal
74,0.6534,0.9333,30,2,0,0.9333,0.9053,0.9221,Normal
75,0.5433,0.0,38,38,0,0.0,0.8801,0.3521,Blackhole
76,0.7056,0.0,39,39,0,0.0,0.705,0.282,Blackhole
77,0.3588,0.9429,35,2,0,0.9429,0.9268,0.9364,Normal
78,0.2703,0.9231,26,2,0,0.9231,0.7309,0.8462,Normal
79,0.607,0.0,38,38,0,0.0,0.7438,0.2975,Blackhole
80,0.4459,0.9655,29,1,0,0.9655,0.7355,0.8735,Normal
81,0.6067,0.92,25,2,0,0.92,0.8887,0.9075,Normal
82,0.3681,0.9583,24,1,0,0.9583,0.8996,0.9348,Normal
83,0.2768,0.9655,29,1,0,0.9655,0.849,0.9189,Normal
84,0.6895,1.0,27,0,0,1.0,0.847,0.9388,Normal
85,0.0,0.4167,24,14,0,0.4167,0.964,0.6356,Grayhole
86,2.6227,0.9423,104,6,0,0.9423,0.8506,0.9056,DoS
87,0.3202,1.0,21,0,0,1.0,0.8668,0.9467,Normal
88,0.4856,0.9677,31,1,0,0.9677,0.7977,0.8997,Normal
89,0.4542,1.0,25,0,0,1.0,0.8403,0.9361,Normal
90,0.247,1.0,34,0,0,1.0,0.7596,0.9039,Normal
91,0.5872,0.9565,23,1,0,0.9565,0.8617,0.9186,Normal
92,0.0,0.883,94,11,0,0.883,0.8402,0.8659,DoS
93,0.2626,1.0,30,0,0,1.0,0.8058,0.9223,Normal
94,0.2649,0.6,35,14,0,0.6,0.6885,0.6354,Grayhole
95,0.6071,1.0,40,0,0,1.0,0.7678,0.9071,Normal
96,0.3529,1.0,35,0,0,1.0,0.787,0.9148,Normal
97,0.6448,1.0,32,0,0,1.0,0.794,0.9176,Normal
98,0.5724,0.0,28,28,0,0.0,0.9292,0.3717,Blackhole
99,0.2217,1.0,32,0,0,1.0,0.8853,0.9541,Normal
0,0.3589,0.9048,21,2,0,0.9048,0.8713,0.8914,Normal
1,0.4137,1.0,32,0,0,1.0,0.7991,0.9196,Normal
2,0.3111,0.5833,36,15,0,0.5833,0.8494,0.6898,Grayhole
3,0.6804,0.0,37,37,0,0.0,0.7783,0.3113,Blackhole
4,0.5665,0.95,40,2,0,0.95,0.8509,0.9104,Normal
5,0.604,0.9655,29,1,0,0.9655,0.9363,0.9538,Normal
6,0.5541,0.0,22,22,0,0.0,0.6847,0.2739,Blackhole
7,0.4408,0.9333,30,2,0,0.9333,0.7071,0.8429,Normal
8,0.7364,0.0,26,26,0,0.0,0.9508,0.3803,Blackhole
9,0.464,0.913,23,2,0,0.913,0.6536,0.8093,Normal
10,0.4492,1.0,22,0,0,1.0,0.8331,0.9332,Normal
11,0.0,0.8762,105,13,0,0.8762,0.8709,0.8741,DoS
12,0.3722,0.963,27,1,0,0.963,0.829,0.9094,Normal
13,0.2425,0.9677,31,1,0,0.9677,0.8053,0.9028,Normal
14,0.2274,0.9737,38,1,0,0.9737,0.9058,0.9465,Normal
15,0.3851,0.9524,21,1,0,0.9524,0.8143,0.8971,Normal
16,0.7887,0.0,34,34,0,0.0,0.886,0.3544,Blackhole
17,0.6622,1.0,39,0,0,1.0,0.8712,0.9485,Normal
18,0.542,1.0,20,0,0,1.0,0.7904,0.9162,Normal
19,0.5814,0.0,35,35,0,0.0,0.8935,0.3574,Blackhole
20,0.4865,0.4091,22,13,0,0.4091,0.7819,0.5582,Grayhole
21,0.2178,0.9697,33,1,0,0.9697,0.8185,0.9092,Normal
22,0.2343,0.9583,24,1,0,0.9583,0.902,0.9358,Normal
23,0.5494,0.9091,22,2,0,0.9091,0.7553,0.8476,Normal
24,0.6214,0.9412,34,2,0,0.9412,0.678,0.8359,Normal
25,0.4901,0.9412,34,2,0,0.9412,0.8643,0.9104,Normal
26,0.2357,0.9697,33,1,0,0.9697,0.8582,0.9251,Normal
27,0.6163,0.9487,39,2,0,0.9487,0.8243,0.899,Normal
28,0.5724,0.9524,21,1,0,0.9524,0.9067,0.9341,Normal
29,0.6812,0.9524,21,1,0,0.9524,0.8193,0.8992,Normal
30,0.393,0.9714,35,1,0,0.9714,0.7985,0.9023,Normal
31,0.0,1.0,119,0,0,1.0,0.8915,0.9566,DoS
32,0.6178,0.9677,31,1,0,0.9677,0.8247,0.9105,Normal
33,0.0,0.8108,111,21,0,0.8108,0.8049,0.8084,DoS
34,0.3296,0.95,40,2,0,0.95,0.824,0.8996,Normal
35,0.0,0.9912,113,1,0,0.9912,0.7458,0.893,DoS
36,0.3366,0.4103,39,23,0,0.4103,0.7928,0.5633,Grayhole
37,0.3584,1.0,20,0,0,1.0,0.8156,0.9262,Normal
38,6.9567,0.7946,112,23,0,0.7946,0.8054,0.799,DoS
39,0.0,0.9916,119,1,0,0.9916,0.9397,0.9708,DoS
40,0.6699,0.0,40,40,0,0.0,0.7928,0.3171,Blackhole
41,0.6464,0.975,40,1,0,0.975,0.8455,0.9232,Normal
42,0.5353,0.9333,30,2,0,0.9333,0.8306,0.8923,Normal
43,0.4882,0.9643,28,1,0,0.9643,0.8468,0.9173,Normal
44,0.7906,0.0,24,24,0,0.0,0.7265,0.2906,Blackhole
45,0.2809,0.9091,22,2,0,0.9091,0.8479,0.8846,Normal
46,9.8114,0.9655,116,4,0,0.9655,0.8446,0.9172,DoS
47,0.4904,1.0,22,0,0,1.0,0.7145,0.8858,Normal
48,0.6571,0.9091,22,2,0,0.9091,0.708,0.8287,Normal
49,0.6533,0.9615,26,1,0,0.9615,0.8638,0.9224,Normal
50,0.2119,1.0,20,0,0,1.0,0.9225,0.969,Normal
51,0.4698,0.9615,26,1,0,0.9615,0.7993,0.8966,Normal
52,0.0,0.9381,97,6,0,0.9381,0.5994,0.8027,DoS
53,0.5021,0.9231,26,2,0,0.9231,0.8276,0.8849,Normal
54,0.667,1.0,36,0,0,1.0,0.7711,0.9085,Normal
55,0.3179,1.0,33,0,0,1.0,0.7493,0.8997,Normal
56,0.3175,0.9048,21,2,0,0.9048,0.8812,0.8953,Normal
57,0.0,0.9636,110,4,0,0.9636,0.8036,0.8996,DoS
58,0.379,1.0,29,0,0,1.0,0.9354,0.9741,Normal
59,0.2895,0.9722,36,1,0,0.9722,0.7887,0.8988,Normal
60,0.6699,1.0,39,0,0,1.0,0.7961,0.9184,Normal
61,0.0,0.9057,106,10,0,0.9057,0.7975,0.8624,DoS
62,0.3162,0.5714,35,15,0,0.5714,0.8682,0.6902,Grayhole
63,0.3688,0.9667,30,1,0,0.9667,0.6866,0.8547,Normal
64,0.5641,0.9583,24,1,0,0.9583,0.8048,0.8969,Normal
65,0.3142,1.0,21,0,0,1.0,0.8546,0.9418,Normal
66,0.4226,0.9487,39,2,0,0.9487,0.6832,0.8425,Normal
67,0.5062,0.9091,22,2,0,0.9091,0.8337,0.8789,Normal
68,0.4932,0.95,20,1,0,0.95,0.8683,0.9173,Normal
69,0.5854,0.0,36,36,0,0.0,0.8753,0.3501,Blackhole
70,0.5859,0.0,34,34,0,0.0,0.9047,0.3619,Blackhole
71,0.5678,1.0,25,0,0,1.0,0.8457,0.9383,Normal
72,0.0,0.5455,22,10,0,0.5455,0.9649,0.7133,Grayhole
73,0.2862,0.913,23,2,0,0.913,0.8362,0.8823,Normal
74,0.7972,0.0,37,37,0,0.0,0.8532,0.3413,Blackhole
75,0.6143,0.9677,31,1,0,0.9677,0.7327,0.8737,Normal
76,0.0,0.5455,22,10,0,0.5455,0.7881,0.6425,Grayhole
77,0.4213,0.92,25,2,0,0.92,0.7397,0.8479,Normal
78,0.3939,1.0,22,0,0,1.0,0.948,0.9792,Normal
79,0.4125,0.5758,33,14,0,0.5758,0.7062,0.6279,Grayhole
80,0.4649,0.5714,35,15,0,0.5714,0.7264,0.6334,Grayhole
81,0.3013,1.0,35,0,0,1.0,0.7952,0.9181,Normal
82,0.6334,0.963,27,1,0,0.963,0.9503,0.9579,Normal
83,0.6431,0.9655,29,1,0,0.9655,0.8768,0.93,Normal
84,0.0,0.5455,22,10,0,0.5455,0.7061,0.6097,Grayhole
85,0.1133,0.375,32,20,0,0.375,0.7436,0.5224,Grayhole
86,0.232,0.9655,29,1,0,0.9655,0.8047,0.9012,Normal
87,0.3769,0.9545,22,1,0,0.9545,0.842,0.9095,Normal
88,0.5861,0.9429,35,2,0,0.9429,0.7058,0.848,Normal
89,0.5005,0.9697,33,1,0,0.9697,0.8586,0.9253,Normal
90,0.465,0.9355,31,2,0,0.9355,0.8253,0.8914,Normal
91,0.6642,1.0,29,0,0,1.0,0.6519,0.8608,Normal
92,0.2447,0.95,20,1,0,0.95,0.9404,0.9461,Normal
93,0.3643,1.0,40,0,0,1.0,0.8267,0.9307,Normal
94,0.6443,0.9706,34,1,0,0.9706,0.8314,0.9149,Normal
95,0.6647,0.9737,38,1,0,0.9737,0.8112,0.9087,Normal
96,0.2732,0.973,37,1,0,0.973,0.808,0.907,Normal
97,0.4445,0.9643,28,1,0,0.9643,0.9351,0.9526,Normal
98,0.3014,1.0,40,0,0,1.0,0.8315,0.9326,Normal
99,0.3957,0.9643,28,1,0,0.9643,0.746,0.877,Normal
0,0.5617,1.0,30,0,0,1.0,0.6579,0.8631,Normal
1,0.0,0.6,25,10,0,0.6,0.79,0.676,Grayhole
2,0.4153,0.9697,33,1,0,0.9697,0.9004,0.942,Normal
3,0.6369,0.9545,22,1,0,0.9545,0.7775,0.8837,Normal
4,0.2291,0.4615,39,21,0,0.4615,0.8845,0.6307,Grayhole
5,0.4273,1.0,37,0,0,1.0,0.8648,0.9459,Normal
6,0.0,0.844,109,17,0,0.844,0.8608,0.8507,DoS
7,0.5,0.0,20,20,0,0.0,0.8576,0.3431,Blackhole
8,0.571,0.9286,28,2,0,0.9286,0.8969,0.9159,Normal
9,0.5732,1.0,37,0,0,1.0,0.8285,0.9314,Normal
10,0.6391,0.92,25,2,0,0.92,0.785,0.866,Normal
11,0.277,0.9615,26,1,0,0.9615,0.8583,0.9203,Normal
12,0.6315,0.975,40,1,0,0.975,0.8898,0.9409,Normal
13,0.6187,1.0,39,0,0,1.0,0.745,0.898,Normal
14,0.3456,1.0,32,0,0,1.0,0.8373,0.9349,Normal
15,0.2503,0.9048,21,2,0,0.9048,0.8046,0.8647,Normal
16,5.663,0.7982,109,22,0,0.7982,0.5921,0.7157,DoS
17,0.3756,0.9655,29,1,0,0.9655,0.8169,0.9061,Normal
18,0.4702,0.9394,33,2,0,0.9394,0.79,0.8796,Normal
19,0.4577,1.0,34,0,0,1.0,0.7899,0.9159,Normal
20,0.2193,0.5862,29,12,0,0.5862,0.6783,0.6231,Grayhole
21,0.4196,0.9412,34,2,0,0.9412,0.8354,0.8989,Normal
22,0.7042,0.0,39,39,0,0.0,0.8436,0.3374,Blackhole
23,0.5244,1.0,20,0,0,1.0,0.5926,0.837,Normal
24,0.6054,0.9444,36,2,0,0.9444,0.6626,0.8317,Normal
25,0.2933,0.963,27,1,0,0.963,0.7909,0.8941,Normal
26,0.2442,0.9333,30,2,0,0.9333,0.6281,0.8112,Normal
27,0.2357,1.0,33,0,0,1.0,0.7659,0.9064,Normal
28,0.5305,0.9429,35,2,0,0.9429,0.8791,0.9174,Normal
29,0.4775,0.92,25,2,0,0.92,0.8988,0.9115,Normal
30,0.2121,0.9565,23,1,0,0.9565,0.8364,0.9085,Normal
31,0.0,0.8152,92,17,0,0.8152,0.8836,0.8426,DoS
32,0.3678,1.0,22,0,0,1.0,0.6585,0.8634,Normal
33,0.3919,1.0,35,0,0,1.0,0.8733,0.9493,Normal
34,0.4299,1.0,20,0,0,1.0,0.8407,0.9363,Normal
35,0.4538,0.9259,27,2,0,0.9259,0.8792,0.9072,Normal
36,0.5467,0.0,21,21,0,0.0,0.7807,0.3123,Blackhole
37,0.6568,0.9697,33,1,0,0.9697,0.5948,0.8197,Normal
38,0.5479,0.973,37,1,0,0.973,0.8305,0.916,Normal
39,0.2954,0.92,25,2,0,0.92,0.8628,0.8971,Normal
40,0.0,0.9417,103,6,0,0.9417,0.8549,0.907,DoS
41,0.5445,1.0,30,0,0,1.0,0.6149,0.846,Normal
42,0.3871,0.5517,29,13,0,0.5517,0.8926,0.6881,Grayhole
43,0.5332,0.9444,36,2,0,0.9444,0.7082,0.8499,Normal
44,0.2828,0.9259,27,2,0,0.9259,0.6,0.7956,Normal
45,0.0,0.3846,26,16,0,0.3846,0.665,0.4968,Grayhole
46,0.3091,1.0,28,0,0,1.0,0.8522,0.9409,Normal
47,0.7457,0.0,40,40,0,0.0,0.8499,0.3399,Blackhole
48,0.4063,0.9394,33,2,0,0.9394,0.5792,0.7953,Normal
49,0.3494,0.9355,31,2,0,0.9355,0.8448,0.8992,Normal
50,0.3819,1.0,35,0,0,1.0,0.7987,0.9195,Normal
51,0.2724,0.5152,33,16,0,0.5152,0.9097,0.673,Grayhole
52,0.366,0.9444,36,2,0,0.9444,0.9305,0.9389,Normal
53,0.3311,0.9091,22,2,0,0.9091,0.8802,0.8975,Normal
54,0.6078,1.0,24,0,0,1.0,0.8433,0.9373,Normal
55,0.2538,1.0,31,0,0,1.0,0.8386,0.9354,Normal
56,0.5342,1.0,27,0,0,1.0,0.8959,0.9584,Normal
57,0.5991,0.0,34,34,0,0.0,0.9317,0.3727,Blackhole
58,0.3323,1.0,20,0,0,1.0,0.8963,0.9585,Normal
59,0.1044,0.3871,31,19,0,0.3871,0.6539,0.4938,Grayhole
60,0.6265,0.0,39,39,0,0.0,0.7605,0.3042,Blackhole
61,0.3051,0.913,23,2,0,0.913,0.7957,0.8661,Normal
62,0.5326,0.975,40,1,0,0.975,0.8931,0.9422,Normal
63,0.6992,0.9394,33,2,0,0.9394,0.854,0.9052,Normal
64,4.7519,0.8276,116,20,0,0.8276,0.8715,0.8452,DoS
65,0.6868,0.9474,38,2,0,0.9474,0.8583,0.9118,Normal
66,0.4583,0.4167,36,21,0,0.4167,0.8811,0.6024,Grayhole
67,0.6535,0.0,32,32,0,0.0,0.7484,0.2994,Blackhole
68,10.6271,0.91,100,9,0,0.91,0.889,0.9016,DoS
69,0.0,0.9423,104,6,0,0.9423,0.5984,0.8047,DoS
70,10.9353,0.9231,104,8,0,0.9231,0.8574,0.8968,DoS
71,0.2507,0.9048,21,2,0,0.9048,0.6754,0.813,Normal
72,0.5255,1.0,31,0,0,1.0,0.7753,0.9101,Normal
73,0.6981,0.9737,38,1,0,0.9737,0.784,0.8978,Normal
74,0.0,0.6,25,10,0,0.6,0.7772,0.6709,Grayhole
75,0.5551,0.0,28,28,0,0.0,0.8116,0.3246,Blackhole
76,0.4214,1.0,27,0,0,1.0,0.8917,0.9567,Normal
77,0.6564,0.9667,30,1,0,0.9667,0.8769,0.9307,Normal
78,0.4602,0.9333,30,2,0,0.9333,0.7634,0.8654,Normal
79,0.0,0.9891,92,1,0,0.9891,0.8562,0.936,DoS
80,0.6693,0.9487,39,2,0,0.9487,0.7711,0.8777,Normal
81,0.4489,0.9706,34,1,0,0.9706,0.8203,0.9105,Normal
82,0.3534,1.0,30,0,0,1.0,0.7682,0.9073,Normal
83,0.5049,0.9565,23,1,0,0.9565,0.9147,0.9398,Normal
84,0.669,0.0,32,32,0,0.0,0.7501,0.3,Blackhole
85,0.6792,0.913,23,2,0,0.913,0.7855,0.862,Normal
86,0.6436,0.9615,26,1,0,0.9615,0.7755,0.8871,Normal
87,8.4487,0.956,91,4,0,0.956,0.8592,0.9173,DoS
88,0.6275,0.9048,21,2,0,0.9048,0.8879,0.898,Normal
89,0.2087,1.0,20,0,0,1.0,0.8776,0.951,Normal
90,0.6637,1.0,33,0,0,1.0,0.7349,0.894,Normal
91,0.2114,1.0,40,0,0,1.0,0.8569,0.9428,Normal
92,0.4542,0.9737,38,1,0,0.9737,0.8245,0.914,Normal
93,0.5549,0.95,20,1,0,0.95,0.7749,0.88,Normal
94,0.6696,1.0,30,0,0,1.0,0.8131,0.9252,Normal
95,0.7021,0.0,27,27,0,0.0,0.69,0.276,Blackhole
96,0.2139,0.9286,28,2,0,0.9286,0.8709,0.9055,Normal
97,0.0972,0.6,25,10,0,0.6,0.8633,0.7053,Grayhole
98,0.2708,0.9688,32,1,0,0.9688,0.8288,0.9128,Normal
99,0.3161,0.973,37,1,0,0.973,0.8532,0.9251,Normal
0,0.481,1.0,21,0,0,1.0,0.7531,0.9012,Normal
1,3.6811,0.8559,118,17,0,0.8559,0.8343,0.8473,DoS
2,0.0,0.9667,90,3,0,0.9667,0.7726,0.8891,DoS
3,0.3333,1.0,32,0,0,1.0,0.8592,0.9437,Normal
4,0.5364,0.9333,30,2,0,0.9333,0.8484,0.8994,Normal
5,5.3202,0.9916,119,1,0,0.9916,0.787,0.9098,DoS
6,0.0006,0.5833,36,15,0,0.5833,0.801,0.6704,Grayhole
7,4.7403,0.8796,108,13,0,0.8796,0.9752,0.9179,DoS
8,0.3526,0.9744,39,1,0,0.9744,0.8229,0.9138,Normal
9,0.422,0.9231,26,2,0,0.9231,0.9714,0.9424,Normal
10,0.5726,1.0,31,0,0,1.0,0.774,0.9096,Normal
11,0.3517,0.48,25,13,0,0.48,0.8641,0.6337,Grayhole
12,0.3149,0.9474,38,2,0,0.9474,0.7617,0.8731,Normal
13,0.1698,0.3889,36,22,0,0.3889,0.944,0.6109,Grayhole
14,0.0,1.0,103,0,0,1.0,0.8278,0.9311,DoS
15,0.4296,1.0,26,0,0,1.0,0.7603,0.9041,Normal
16,0.3314,0.95,40,2,0,0.95,0.7895,0.8858,Normal
17,0.5948,0.0,33,33,0,0.0,0.9041,0.3617,Blackhole
18,0.1069,0.5263,38,18,0,0.5263,0.9007,0.6761,Grayhole
19,0.4777,0.9231,26,2,0,0.9231,0.8144,0.8796,Normal
20,0.5622,0.9444,36,2,0,0.9444,0.9511,0.9471,Normal
21,0.2218,0.9048,21,2,0,0.9048,0.7753,0.853,Normal
22,0.698,0.92,25,2,0,0.92,0.959,0.9356,Normal
23,0.0,0.9706,102,3,0,0.9706,0.8237,0.9118,DoS
24,0.2933,0.4138,29,17,0,0.4138,0.8211,0.5767,Grayhole
25,0.3622,1.0,26,0,0,1.0,0.7595,0.9038,Normal
26,0.6431,1.0,35,0,0,1.0,0.8423,0.9369,Normal
27,0.4555,0.9667,30,1,0,0.9667,0.8284,0.9114,Normal
28,0.0,0.5,22,11,0,0.5,0.8048,0.6219,Grayhole
29,0.2378,0.9333,30,2,0,0.9333,0.8041,0.8817,Normal
30,0.0,0.8829,111,13,0,0.8829,0.8093,0.8534,DoS
31,0.3102,0.96,25,1,0,0.96,0.7612,0.8805,Normal
32,0.5817,0.9722,36,1,0,0.9722,0.9455,0.9615,Normal
33,0.3734,0.9744,39,1,0,0.9744,0.9651,0.9707,Normal
34,0.5855,0.9474,38,2,0,0.9474,0.8406,0.9047,Normal
35,0.6276,0.95,20,1,0,0.95,0.8187,0.8975,Normal
36,0.6063,0.9333,30,2,0,0.9333,0.8864,0.9146,Normal
37,0.5914,0.973,37,1,0,0.973,0.8728,0.9329,Normal
38,0.2897,0.9355,31,2,0,0.9355,0.7858,0.8756,Normal
39,0.3573,0.9474,38,2,0,0.9474,0.8142,0.8941,Normal
40,0.3044,0.95,40,2,0,0.95,0.9627,0.9551,Normal
41,0.7401,0.0,24,24,0,0.0,0.9895,0.3958,Blackhole
42,0.5975,0.0,22,22,0,0.0,0.7237,0.2895,Blackhole
43,0.2476,0.9722,36,1,0,0.9722,0.8414,0.9199,Normal
44,0.2954,1.0,21,0,0,1.0,0.7019,0.8807,Normal
45,0.7383,0.0,25,25,0,0.0,0.7048,0.2819,Blackhole
46,0.3831,1.0,32,0,0,1.0,0.7865,0.9146,Normal
47,0.5854,0.0,34,34,0,0.0,0.8414,0.3365,Blackhole
48,0.7008,0.0,38,38,0,0.0,0.8142,0.3257,Blackhole
49,0.5745,1.0,39,0,0,1.0,0.9117,0.9647,Normal
50,0.266,0.95,20,1,0,0.95,0.7377,0.8651,Normal
51,0.3303,1.0,40,0,0,1.0,0.6244,0.8498,Normal
52,0.2571,0.6,20,8,0,0.6,0.6864,0.6346,Grayhole
53,0.5514,0.0,23,23,0,0.0,0.8117,0.3247,Blackhole
54,0.4111,1.0,37,0,0,1.0,0.804,0.9216,Normal
55,0.6362,0.9333,30,2,0,0.9333,0.7782,0.8713,Normal
56,0.6288,0.913,23,2,0,0.913,0.9573,0.9308,Normal
57,0.6121,1.0,35,0,0,1.0,0.8305,0.9322,Normal
58,0.2263,1.0,32,0,0,1.0,0.8203,0.9281,Normal
59,0.4728,1.0,36,0,0,1.0,0.8146,0.9258,Normal
60,0.6235,0.95,40,2,0,0.95,0.8318,0.9027,Normal
61,0.3455,1.0,21,0,0,1.0,0.7714,0.9086,Normal
62,0.0,1.0,111,0,0,1.0,0.7578,0.9031,DoS
63,0.503,1.0,30,0,0,1.0,0.7242,0.8897,Normal
64,0.6105,1.0,37,0,0,1.0,0.745,0.898,Normal
65,0.3766,0.9412,34,2,0,0.9412,0.775,0.8747,Normal
66,0.6208,0.9487,39,2,0,0.9487,0.8965,0.9278,Normal
67,0.5674,0.9474,38,2,0,0.9474,0.8139,0.894,Normal
68,0.4027,0.9259,27,2,0,0.9259,0.8142,0.8812,Normal
69,0.5859,0.0,24,24,0,0.0,0.7759,0.3103,Blackhole
70,0.5152,1.0,30,0,0,1.0,0.8434,0.9374,Normal
71,0.5878,1.0,30,0,0,1.0,0.8233,0.9293,Normal
72,0.2007,0.9688,32,1,0,0.9688,0.9086,0.9447,Normal
73,0.5127,0.9688,32,1,0,0.9688,0.7548,0.8832,Normal
74,0.0,0.3824,34,21,0,0.3824,0.7947,0.5473,Grayhole
75,0.2238,1.0,38,0,0,1.0,0.8544,0.9418,Normal
76,0.1016,0.5161,31,15,0,0.5161,0.8776,0.6607,Grayhole
77,0.6863,0.9643,28,1,0,0.9643,0.7193,0.8663,Normal
78,0.6673,0.9722,36,1,0,0.9722,0.8231,0.9126,Normal
79,0.1597,0.5833,24,10,0,0.5833,0.8887,0.7055,Grayhole
80,0.6529,0.0,40,40,0,0.0,0.8275,0.331,Blackhole
81,0.5378,0.9286,28,2,0,0.9286,0.9019,0.9179,Normal
82,0.6433,0.9394,33,2,0,0.9394,0.8574,0.9066,Normal
83,0.691,1.0,36,0,0,1.0,0.8608,0.9443,Normal
84,0.5775,0.9487,39,2,0,0.9487,0.769,0.8768,Normal
85,0.2875,1.0,39,0,0,1.0,0.8122,0.9249,Normal
86,0.5611,1.0,22,0,0,1.0,0.8218,0.9287,Normal
87,0.6141,0.9394,33,2,0,0.9394,0.7905,0.8798,Normal
88,0.0,0.9649,114,4,0,0.9649,0.7115,0.8636,DoS
89,0.6596,1.0,35,0,0,1.0,0.7775,0.911,Normal
90,0.496,0.9524,21,1,0,0.9524,0.6255,0.8216,Normal
91,0.6881,1.0,31,0,0,1.0,0.7577,0.9031,Normal
92,0.5587,1.0,33,0,0,1.0,0.938,0.9752,Normal
93,0.0,0.8288,111,19,0,0.8288,0.811,0.8217,DoS
94,0.526,0.95,40,2,0,0.95,0.8435,0.9074,Normal
95,0.2211,1.0,25,0,0,1.0,0.8915,0.9566,Normal
96,0.5918,1.0,39,0,0,1.0,0.8208,0.9283,Normal
97,0.5694,0.0,40,40,0,0.0,0.8037,0.3215,Blackhole
98,0.3668,0.9167,24,2,0,0.9167,0.792,0.8668,Normal
99,0.619,0.9474,38,2,0,0.9474,0.8713,0.9169,Normal
0,0.7905,0.0,33,33,0,0.0,0.9402,0.3761,Blackhole
1,0.5355,0.9697,33,1,0,0.9697,0.8936,0.9392,Normal
2,0.5436,0.9583,24,1,0,0.9583,0.8542,0.9167,Normal
3,0.5339,0.9714,35,1,0,0.9714,0.8547,0.9248,Normal
4,0.6253,0.9697,33,1,0,0.9697,0.8665,0.9284,Normal
5,0.7331,0.0,32,32,0,0.0,0.8113,0.3245,Blackhole
6,0.1876,0.55,20,9,0,0.55,0.7173,0.6169,Grayhole
7,0.5559,1.0,25,0,0,1.0,0.9337,0.9735,Normal
8,0.3006,0.9444,36,2,0,0.9444,0.6854,0.8408,Normal
9,0.4609,0.931,29,2,0,0.931,0.9611,0.9431,Normal
10,0.3548,1.0,39,0,0,1.0,0.8302,0.9321,Normal
11,0.5366,1.0,38,0,0,1.0,0.9496,0.9798,Normal
12,0.3505,0.92,25,2,0,0.92,0.8946,0.9098,Normal
13,0.4779,0.931,29,2,0,0.931,0.867,0.9054,Normal
14,0.2115,0.9615,26,1,0,0.9615,0.8421,0.9138,Normal
15,0.6099,0.0,28,28,0,0.0,0.6918,0.2767,Blackhole
16,0.658,0.8087,115,22,0,0.8087,0.9042,0.8469,DoS
17,4.8725,0.8261,115,20,0,0.8261,0.4004,0.6558,DoS
18,0.2016,0.9677,31,1,0,0.9677,0.789,0.8962,Normal
19,0.5553,0.963,27,1,0,0.963,0.35,0.7178,Normal
20,0.6574,0.9737,38,1,0,0.9737,0.9574,0.9672,Normal
21,0.6145,0.9667,30,1,0,0.9667,0.9056,0.9423,Normal
22,0.2861,0.973,37,1,0,0.973,0.877,0.9346,Normal
23,0.4526,1.0,32,0,0,1.0,0.8527,0.9411,Normal
24,0.5234,0.9474,38,2,0,0.9474,0.8395,0.9042,Normal
25,3.6288,1.0,106,0,0,1.0,0.8255,0.9302,DoS
26,0.4117,0.9474,38,2,0,0.9474,0.8948,0.9263,Normal
27,0.3919,1.0,36,0,0,1.0,0.8421,0.9368,Normal
28,0.1164,0.5,20,10,0,0.5,0.6928,0.5771,Grayhole
29,0.0165,0.5,36,18,0,0.5,0.8393,0.6357,Grayhole
30,0.3381,1.0,21,0,0,1.0,0.7996,0.9198,Normal
31,0.2245,0.95,20,1,0,0.95,0.6766,0.8406,Normal
32,0.049,0.4,20,12,0,0.4,0.5534,0.4614,Grayhole
33,0.4721,0.9091,22,2,0,0.9091,0.9327,0.9185,Normal
34,0.2745,1.0,33,0,0,1.0,0.8527,0.9411,Normal
35,0.6291,0.9615,26,1,0,0.9615,0.9221,0.9457,Normal
36,0.6324,0.0,20,20,0,0.0,0.7422,0.2969,Blackhole
37,0.4341,0.9677,31,1,0,0.9677,0.676,0.8511,Normal
38,0.2248,0.9583,24,1,0,0.9583,0.8896,0.9308,Normal
39,0.269,0.913,23,2,0,0.913,0.8988,0.9074,Normal
40,0.563,1.0,38,0,0,1.0,0.916,0.9664,Normal
41,0.2923,0.9259,27,2,0,0.9259,0.8949,0.9135,Normal
42,0.0,0.4074,27,16,0,0.4074,0.9058,0.6067,Grayhole
43,0.2067,0.95,40,2,0,0.95,0.6766,0.8406,Normal
44,0.4307,0.96,25,1,0,0.96,0.9572,0.9589,Normal
45,0.6138,0.95,20,1,0,0.95,0.8673,0.9169,Normal
46,0.7263,0.0,28,28,0,0.0,0.8488,0.3395,Blackhole
47,0.0,0.9833,120,2,0,0.9833,0.7844,0.9038,DoS
48,0.7178,0.0,36,36,0,0.0,0.8991,0.3596,Blackhole
49,0.5302,1.0,32,0,0,1.0,0.7972,0.9189,Normal
50,0.3849,0.4348,23,13,0,0.4348,0.7296,0.5527,Grayhole
51,0.515,0.975,40,1,0,0.975,0.8812,0.9375,Normal
52,0.5761,0.9565,23,1,0,0.9565,0.7565,0.8765,Normal
53,0.6884,1.0,32,0,0,1.0,0.6724,0.869,Normal
54,0.219,0.9444,36,2,0,0.9444,0.9287,0.9381,Normal
55,0.073,0.5714,21,9,0,0.5714,0.8256,0.6731,Grayhole
56,0.6152,1.0,29,0,0,1.0,0.7308,0.8923,Normal
57,0.2224,0.9655,29,1,0,0.9655,0.9216,0.948,Normal
58,0.5876,0.0,22,22,0,0.0,0.9382,0.3753,Blackhole
59,0.3655,1.0,22,0,0,1.0,0.4674,0.787,Normal
60,0.4332,1.0,33,0,0,1.0,0.7621,0.9049,Normal
61,0.5453,1.0,22,0,0,1.0,0.7429,0.8971,Normal
62,0.5509,1.0,32,0,0,1.0,0.7504,0.9001,Normal
63,0.291,0.9688,32,1,0,0.9688,0.9721,0.9701,Normal
64,0.4769,1.0,22,0,0,1.0,0.8025,0.921,Normal
65,0.657,1.0,20,0,0,1.0,0.9393,0.9757,Normal
66,0.1529,0.3913,23,14,0,0.3913,0.8267,0.5655,Grayhole
67,0.5465,1.0,32,0,0,1.0,0.8625,0.945,Normal
68,0.5944,1.0,30,0,0,1.0,0.7734,0.9093,Normal
69,0.5073,1.0,20,0,0,1.0,0.8024,0.921,Normal
70,0.2618,0.9667,30,1,0,0.9667,0.7254,0.8702,Normal
71,1.7877,0.9574,94,4,0,0.9574,0.7451,0.8725,DoS
72,5.0155,0.9906,106,1,0,0.9906,0.8641,0.94,DoS
73,0.5249,0.913,23,2,0,0.913,0.7683,0.8551,Normal
74,0.7631,0.0,25,25,0,0.0,0.7296,0.2918,Blackhole
75,0.0,0.5641,39,17,0,0.5641,0.7354,0.6326,Grayhole
76,2.8556,0.8125,96,18,0,0.8125,0.7725,0.7965,DoS
77,0.215,1.0,29,0,0,1.0,0.5802,0.8321,Normal
78,0.0,0.5758,33,14,0,0.5758,0.7113,0.63,Grayhole
79,0.3717,0.9655,29,1,0,0.9655,0.8587,0.9228,Normal
80,0.4078,1.0,20,0,0,1.0,0.9576,0.983,Normal
81,0.2464,1.0,33,0,0,1.0,0.8578,0.9431,Normal
82,0.2299,1.0,26,0,0,1.0,0.8622,0.9449,Normal
83,0.4596,1.0,20,0,0,1.0,0.7109,0.8843,Normal
84,0.2859,0.9667,30,1,0,0.9667,0.7477,0.8791,Normal
85,0.6871,0.9655,29,1,0,0.9655,0.9632,0.9646,Normal
86,0.5801,0.0,32,32,0,0.0,0.7133,0.2853,Blackhole
87,0.7534,0.0,40,40,0,0.0,0.7234,0.2894,Blackhole
88,0.4287,0.9231,26,2,0,0.9231,0.7502,0.8539,Normal
89,0.2622,0.9737,38,1,0,0.9737,0.8946,0.942,Normal
90,0.0,0.9817,109,2,0,0.9817,0.8489,0.9286,DoS
91,0.3268,1.0,40,0,0,1.0,0.9169,0.9667,Normal
92,0.2101,0.95,40,2,0,0.95,0.8137,0.8955,Normal
93,0.5353,1.0,31,0,0,1.0,0.8758,0.9503,Normal
94,0.382,0.9655,29,1,0,0.9655,0.8538,0.9208,Normal
95,0.2321,0.9231,26,2,0,0.9231,0.8947,0.9117,Normal
96,0.3822,0.9355,31,2,0,0.9355,0.9643,0.947,Normal
97,0.5763,0.9459,37,2,0,0.9459,0.7495,0.8674,Normal
98,5.2332,0.9806,103,2,0,0.9806,0.7482,0.8876,DoS
99,0.0,0.9496,119,6,0,0.9496,0.7216,0.8584,DoS
0,0.5143,0.9688,32,1,0,0.9688,0.8609,0.9256,Normal
1,0.4428,1.0,22,0,0,1.0,0.9204,0.9682,Normal
2,0.4163,1.0,39,0,0,1.0,0.6738,0.8695,Normal
3,0.5522,0.9487,39,2,0,0.9487,0.8052,0.8913,Normal
4,0.4593,1.0,23,0,0,1.0,0.7902,0.9161,Normal
5,0.4016,0.913,23,2,0,0.913,0.7161,0.8343,Normal
6,0.4063,0.9583,24,1,0,0.9583,0.8029,0.8962,Normal
7,0.6251,0.9474,38,2,0,0.9474,0.9799,0.9604,Normal
8,0.4786,0.9333,30,2,0,0.9333,0.7461,0.8584,Normal
9,0.2785,0.9545,22,1,0,0.9545,0.8337,0.9062,Normal
10,0.6403,0.975,40,1,0,0.975,0.8037,0.9065,Normal
11,0.542,0.9643,28,1,0,0.9643,0.6706,0.8468,Normal
12,0.0,0.4333,30,17,0,0.4333,0.805,0.582,Grayhole
13,0.2214,1.0,33,0,0,1.0,0.9558,0.9823,Normal
14,0.0,0.914,93,8,0,0.914,0.8575,0.8914,DoS
15,0.4527,0.9444,36,2,0,0.9444,0.9087,0.9302,Normal
16,0.4931,0.4737,38,20,0,0.4737,0.7015,0.5648,Grayhole
17,11.3796,0.8908,119,13,0,0.8908,0.7937,0.8519,DoS
18,0.2304,0.9545,22,1,0,0.9545,0.8053,0.8948,Normal
19,0.2707,1.0,39,0,0,1.0,0.7456,0.8982,Normal
20,0.6335,1.0,24,0,0,1.0,0.8277,0.9311,Normal
21,0.6173,0.0,37,37,0,0.0,0.7888,0.3155,Blackhole
22,0.6268,0.9048,21,2,0,0.9048,0.7536,0.8443,Normal
23,0.0,0.951,102,5,0,0.951,0.8354,0.9047,DoS
24,0.4392,1.0,37,0,0,1.0,0.8802,0.9521,Normal
25,0.7576,0.0,25,25,0,0.0,0.878,0.3512,Blackhole
26,0.0,0.4242,33,19,0,0.4242,0.8724,0.6035,Grayhole
27,0.6078,0.0,36,36,0,0.0,0.829,0.3316,Blackhole
28,0.0,0.9899,99,1,0,0.9899,0.8602,0.938,DoS
29,0.4089,1.0,24,0,0,1.0,0.8459,0.9384,Normal
30,0.4932,0.4839,31,16,0,0.4839,0.7979,0.6095,Grayhole
31,0.5297,0.0,29,29,0,0.0,0.9768,0.3907,Blackhole
32,0.4718,0.963,27,1,0,0.963,0.8307,0.9101,Normal
33,0.5223,0.0,37,37,0,0.0,0.8883,0.3553,Blackhole
34,0.509,0.9643,28,1,0,0.9643,0.7883,0.8939,Normal
35,0.5025,0.9333,30,2,0,0.9333,0.8166,0.8866,Normal
36,0.3031,0.9565,23,1,0,0.9565,0.6943,0.8517,Normal
37,0.2128,1.0,38,0,0,1.0,0.8683,0.9473,Normal
38,0.5686,0.9706,34,1,0,0.9706,0.755,0.8844,Normal
39,0.5685,0.975,40,1,0,0.975,0.7927,0.9021,Normal
40,0.2578,0.9714,35,1,0,0.9714,0.754,0.8845,Normal
41,0.5276,1.0,22,0,0,1.0,0.684,0.8736,Normal
42,0.2646,1.0,35,0,0,1.0,0.8633,0.9453,Normal
43,0.0,0.956,91,4,0,0.956,0.8179,0.9008,DoS
44,0.3375,1.0,23,0,0,1.0,0.7718,0.9087,Normal
45,0.5754,1.0,26,0,0,1.0,0.7621,0.9048,Normal
46,0.1102,0.5128,39,19,0,0.5128,0.8385,0.6431,Grayhole
47,0.739,0.0,33,33,0,0.0,0.7144,0.2858,Blackhole
48,0.5965,0.9545,22,1,0,0.9545,0.8048,0.8947,Normal
49,0.478,0.92,25,2,0,0.92,0.694,0.8296,Normal
50,0.5466,0.96,25,1,0,0.96,0.792,0.8928,Normal
51,0.3863,1.0,36,0,0,1.0,0.8094,0.9238,Normal
52,0.3955,0.3636,22,14,0,0.3636,0.845,0.5562,Grayhole
53,0.2779,1.0,40,0,0,1.0,0.8268,0.9307,Normal
54,0.0,0.9167,96,8,0,0.9167,0.79,0.866,DoS
55,0.351,1.0,24,0,0,1.0,0.8004,0.9202,Normal
56,0.307,0.9583,24,1,0,0.9583,0.8326,0.908,Normal
57,0.5104,0.0,34,34,0,0.0,0.718,0.2872,Blackhole
58,0.0,0.8,110,22,0,0.8,0.9376,0.855,DoS
59,0.2327,0.92,25,2,0,0.92,0.9051,0.914,Normal
60,0.2415,0.96,25,1,0,0.96,0.7749,0.8859,Normal
61,0.5535,0.9545,22,1,0,0.9545,0.8393,0.9085,Normal
62,0.3032,1.0,32,0,0,1.0,0.7715,0.9086,Normal
63,0.3395,0.9444,36,2,0,0.9444,0.8239,0.8962,Normal
64,8.8546,0.8571,119,17,0,0.8571,0.7678,0.8214,DoS
65,0.6667,1.0,33,0,0,1.0,0.7632,0.9053,Normal
66,0.2131,0.9167,24,2,0,0.9167,0.7293,0.8417,Normal
67,0.6789,0.0,27,27,0,0.0,0.7353,0.2941,Blackhole
68,0.3507,0.975,40,1,0,0.975,0.8155,0.9112,Normal
69,0.7971,0.0,34,34,0,0.0,0.8963,0.3585,Blackhole
70,0.441,1.0,34,0,0,1.0,0.7301,0.892,Normal
71,0.3324,0.92,25,2,0,0.92,0.7667,0.8587,Normal
72,0.2718,1.0,21,0,0,1.0,0.8695,0.9478,Normal
73,0.2863,0.5806,31,13,0,0.5806,0.8543,0.6901,Grayhole
74,0.6231,0.963,27,1,0,0.963,0.8332,0.911,Normal
75,0.4816,0.4348,23,13,0,0.4348,0.8656,0.6071,Grayhole
76,0.2896,0.9167,24,2,0,0.9167,0.6955,0.8282,Normal
77,0.447,0.9714,35,1,0,0.9714,0.8286,0.9143,Normal
78,0.2758,0.9744,39,1,0,0.9744,0.846,0.923,Normal
79,0.4762,0.9429,35,2,0,0.9429,0.7147,0.8516,Normal
80,0.205,1.0,36,0,0,1.0,0.8318,0.9327,Normal
81,0.3133,0.9643,28,1,0,0.9643,0.8213,0.9071,Normal
82,0.7984,0.0,22,22,0,0.0,0.7677,0.3071,Blackhole
83,0.2077,0.9545,22,1,0,0.9545,0.8203,0.9008,Normal
84,0.6516,1.0,22,0,0,1.0,0.7988,0.9195,Normal
85,0.3839,0.9714,35,1,0,0.9714,0.9671,0.9697,Normal
86,0.4204,0.9459,37,2,0,0.9459,0.8344,0.9013,Normal
87,0.4557,1.0,38,0,0,1.0,0.8534,0.9414,Normal
88,0.4397,0.9643,28,1,0,0.9643,0.9045,0.9404,Normal
89,0.3994,0.9583,24,1,0,0.9583,0.8367,0.9097,Normal
90,0.4655,0.9487,39,2,0,0.9487,0.8829,0.9224,Normal
91,0.3078,0.95,20,1,0,0.95,0.783,0.8832,Normal
92,0.6817,1.0,39,0,0,1.0,0.7737,0.9095,Normal
93,0.4708,0.9688,32,1,0,0.9688,0.8543,0.923,Normal
94,0.5549,0.96,25,1,0,0.96,0.7065,0.8586,Normal
95,0.0,0.9417,103,6,0,0.9417,0.797,0.8838,DoS
96,0.5261,0.8265,98,17,0,0.8265,0.8022,0.8168,DoS
97,0.374,0.9744,39,1,0,0.9744,0.7861,0.899,Normal
98,0.119,0.4545,22,12,0,0.4545,0.7396,0.5686,Grayhole
99,0.28,0.5455,33,15,0,0.5455,0.8635,0.6727,Grayhole
